season,week,set_id,set_name,set_userid,n_players,n_positions,positions,is_bottom_line,selected
2023,1,4144,Sigmund Bloom,10598,290,4,"QB,RB,TE,WR",FALSE,TRUE
2023,1,4155,Jason Wood,271,319,4,"QB,RB,TE,WR",FALSE,TRUE
2023,1,4167,Maurile Tremblay,268,324,4,"QB,RB,TE,WR",FALSE,TRUE
2023,1,4305,Justin Freeman,725315,245,4,"QB,RB,TE,WR",FALSE,TRUE
2023,1,4306,Projections Consensus,-1,344,4,"QB,RB,TE,WR",FALSE,TRUE
2023,1,4307,Bottom Line Consensus,0,346,4,"QB,RB,TE,WR",TRUE,FALSE
2023,1,3900,Adam Harstad,10768,35,2,"RB,WR",FALSE,FALSE
2023,1,3901,Projections Consensus,-1,35,2,"RB,WR",FALSE,FALSE
2023,1,3902,Bottom Line Consensus,0,35,2,"RB,WR",TRUE,FALSE
2023,2,4829,Sigmund Bloom,10598,183,4,"QB,RB,TE,WR",FALSE,TRUE
2023,2,4894,Maurile Tremblay,268,233,4,"QB,RB,TE,WR",FALSE,TRUE
2023,2,4906,Jason Wood,271,254,4,"QB,RB,TE,WR",FALSE,TRUE
2023,2,4934,Justin Freeman,725315,261,4,"QB,RB,TE,WR",FALSE,TRUE
2023,2,4935,Projections Consensus,-1,271,4,"QB,RB,TE,WR",FALSE,TRUE
2023,2,4940,Bottom Line Consensus,0,272,4,"QB,RB,TE,WR",TRUE,FALSE
2023,2,4320,Adam Harstad,10768,30,2,"RB,WR",FALSE,FALSE
2023,2,4321,Projections Consensus,-1,30,2,"RB,WR",FALSE,FALSE
2023,2,4322,Bottom Line Consensus,0,35,2,"RB,WR",TRUE,FALSE
2023,3,5562,Sigmund Bloom,10598,191,4,"QB,RB,TE,WR",FALSE,TRUE
2023,3,5580,Jason Wood,271,249,4,"QB,RB,TE,WR",FALSE,TRUE
2023,3,5679,Maurile Tremblay,268,228,4,"QB,RB,TE,WR",FALSE,TRUE
2023,3,5867,Justin Freeman,725315,260,4,"QB,RB,TE,WR",FALSE,TRUE
2023,3,5868,Projections Consensus,-1,274,4,"QB,RB,TE,WR",FALSE,TRUE
2023,3,5869,Bottom Line Consensus,0,275,4,"QB,RB,TE,WR",TRUE,FALSE
2023,3,5035,Adam Harstad,10768,30,2,"RB,WR",FALSE,FALSE
2023,3,5036,Projections Consensus,-1,30,2,"RB,WR",FALSE,FALSE
2023,3,5037,Bottom Line Consensus,0,30,2,"RB,WR",TRUE,FALSE
2023,4,6358,Sigmund Bloom,10598,187,4,"QB,RB,TE,WR",FALSE,TRUE
2023,4,6364,Jason Wood,271,258,4,"QB,RB,TE,WR",FALSE,TRUE
2023,4,6479,Maurile Tremblay,268,229,4,"QB,RB,TE,WR",FALSE,TRUE
2023,4,6514,Justin Freeman,725315,258,4,"QB,RB,TE,WR",FALSE,TRUE
2023,4,6515,Projections Consensus,-1,273,4,"QB,RB,TE,WR",FALSE,TRUE
2023,4,6517,Bottom Line Consensus,0,279,4,"QB,RB,TE,WR",TRUE,FALSE
2023,4,5801,Adam Harstad,10768,30,2,"RB,WR",FALSE,FALSE
2023,4,5802,Projections Consensus,-1,30,2,"RB,WR",FALSE,FALSE
2023,4,5803,Bottom Line Consensus,0,30,2,"RB,WR",TRUE,FALSE
2023,5,7116,Jason Wood,271,214,4,"QB,RB,TE,WR",FALSE,TRUE
2023,5,7135,Sigmund Bloom,10598,164,4,"QB,RB,TE,WR",FALSE,TRUE
2023,5,7151,Maurile Tremblay,268,210,4,"QB,RB,TE,WR",FALSE,TRUE
2023,5,7157,Justin Freeman,725315,226,4,"QB,RB,TE,WR",FALSE,TRUE
2023,5,7158,Projections Consensus,-1,235,4,"QB,RB,TE,WR",FALSE,TRUE
2023,5,7160,Bottom Line Consensus,0,243,4,"QB,RB,TE,WR",TRUE,FALSE
2023,5,6672,Adam Harstad,10768,27,2,"RB,WR",FALSE,FALSE
2023,5,6673,Projections Consensus,-1,27,2,"RB,WR",FALSE,FALSE
2023,5,6674,Bottom Line Consensus,0,27,2,"RB,WR",TRUE,FALSE
2023,6,7690,Maurile Tremblay,268,219,4,"QB,RB,TE,WR",FALSE,TRUE
2023,6,7696,Jason Wood,271,225,4,"QB,RB,TE,WR",FALSE,TRUE
2023,6,7702,Sigmund Bloom,10598,173,4,"QB,RB,TE,WR",FALSE,TRUE
2023,6,7732,Justin Freeman,725315,238,4,"QB,RB,TE,WR",FALSE,TRUE
2023,6,7733,Projections Consensus,-1,250,4,"QB,RB,TE,WR",FALSE,TRUE
2023,6,7735,Bottom Line Consensus,0,254,4,"QB,RB,TE,WR",TRUE,FALSE
2023,6,7295,Adam Harstad,10768,27,2,"RB,WR",FALSE,FALSE
2023,6,7296,Projections Consensus,-1,27,2,"RB,WR",FALSE,FALSE
2023,6,7297,Bottom Line Consensus,0,27,2,"RB,WR",TRUE,FALSE
2023,7,8043,Jason Wood,271,207,4,"QB,RB,TE,WR",FALSE,TRUE
2023,7,8163,Sigmund Bloom,10598,149,4,"QB,RB,TE,WR",FALSE,TRUE
2023,7,8204,Maurile Tremblay,268,196,4,"QB,RB,TE,WR",FALSE,TRUE
2023,7,8226,Justin Freeman,725315,212,4,"QB,RB,TE,WR",FALSE,TRUE
2023,7,8227,Projections Consensus,-1,223,4,"QB,RB,TE,WR",FALSE,TRUE
2023,7,8229,Bottom Line Consensus,0,226,4,"QB,RB,TE,WR",TRUE,FALSE
2023,7,7860,Adam Harstad,10768,23,2,"RB,WR",FALSE,FALSE
2023,7,7862,Projections Consensus,-1,23,2,"RB,WR",FALSE,FALSE
2023,7,7863,Bottom Line Consensus,0,23,2,"RB,WR",TRUE,FALSE
2023,8,8618,Sigmund Bloom,10598,183,4,"QB,RB,TE,WR",FALSE,TRUE
2023,8,8699,Maurile Tremblay,268,230,4,"QB,RB,TE,WR",FALSE,TRUE
2023,8,8738,Jason Wood,271,239,4,"QB,RB,TE,WR",FALSE,TRUE
2023,8,8764,Justin Freeman,725315,250,4,"QB,RB,TE,WR",FALSE,TRUE
2023,8,8765,Projections Consensus,-1,259,4,"QB,RB,TE,WR",FALSE,TRUE
2023,8,8767,Bottom Line Consensus,0,268,4,"QB,RB,TE,WR",TRUE,FALSE
2023,8,8398,Adam Harstad,10768,30,2,"RB,WR",FALSE,FALSE
2023,8,8399,Projections Consensus,-1,30,2,"RB,WR",FALSE,FALSE
2023,8,8400,Bottom Line Consensus,0,30,2,"RB,WR",TRUE,FALSE
2023,9,9134,Jason Wood,271,193,4,"QB,RB,TE,WR",FALSE,TRUE
2023,9,9204,Sigmund Bloom,10598,148,4,"QB,RB,TE,WR",FALSE,TRUE
2023,9,9235,Maurile Tremblay,268,196,4,"QB,RB,TE,WR",FALSE,TRUE
2023,9,9286,Justin Freeman,725315,219,4,"QB,RB,TE,WR",FALSE,TRUE
2023,9,9287,Projections Consensus,-1,225,4,"QB,RB,TE,WR",FALSE,TRUE
2023,9,9289,Bottom Line Consensus,0,233,4,"QB,RB,TE,WR",TRUE,FALSE
2023,10,9707,Sigmund Bloom,10598,163,4,"QB,RB,TE,WR",FALSE,TRUE
2023,10,9842,Jason Wood,271,216,4,"QB,RB,TE,WR",FALSE,TRUE
2023,10,9877,Maurile Tremblay,268,205,4,"QB,RB,TE,WR",FALSE,TRUE
2023,10,9902,Justin Freeman,725315,228,4,"QB,RB,TE,WR",FALSE,TRUE
2023,10,9903,Projections Consensus,-1,236,4,"QB,RB,TE,WR",FALSE,TRUE
2023,10,9905,Bottom Line Consensus,0,239,4,"QB,RB,TE,WR",TRUE,FALSE
2023,10,9344,Adam Harstad,10768,25,2,"RB,WR",FALSE,FALSE
2023,10,9345,Projections Consensus,-1,25,2,"RB,WR",FALSE,FALSE
2023,10,9346,Bottom Line Consensus,0,25,2,"RB,WR",TRUE,FALSE
2023,11,10401,Maurile Tremblay,268,208,4,"QB,RB,TE,WR",FALSE,TRUE
2023,11,10421,Jason Wood,271,211,4,"QB,RB,TE,WR",FALSE,TRUE
2023,11,10440,Sigmund Bloom,10598,164,4,"QB,RB,TE,WR",FALSE,TRUE
2023,11,10483,Justin Freeman,725315,235,4,"QB,RB,TE,WR",FALSE,TRUE
2023,11,10484,Projections Consensus,-1,242,4,"QB,RB,TE,WR",FALSE,TRUE
2023,11,10486,Bottom Line Consensus,0,243,4,"QB,RB,TE,WR",TRUE,FALSE
2023,11,9953,Adam Harstad,10768,28,2,"RB,WR",FALSE,FALSE
2023,11,9954,Projections Consensus,-1,28,2,"RB,WR",FALSE,FALSE
2023,11,9955,Bottom Line Consensus,0,28,2,"RB,WR",TRUE,FALSE
2023,12,10865,Jason Wood,271,243,4,"QB,RB,TE,WR",FALSE,TRUE
2023,12,10969,Maurile Tremblay,268,227,4,"QB,RB,TE,WR",FALSE,TRUE
2023,12,10978,Sigmund Bloom,10598,178,4,"QB,RB,TE,WR",FALSE,TRUE
2023,12,11070,Justin Freeman,725315,263,4,"QB,RB,TE,WR",FALSE,TRUE
2023,12,11071,Projections Consensus,-1,275,4,"QB,RB,TE,WR",FALSE,TRUE
2023,12,11073,Bottom Line Consensus,0,281,4,"QB,RB,TE,WR",TRUE,FALSE
2023,13,11435,Maurile Tremblay,268,188,4,"QB,RB,TE,WR",FALSE,TRUE
2023,13,11504,Jason Wood,271,186,4,"QB,RB,TE,WR",FALSE,TRUE
2023,13,11536,Sigmund Bloom,10598,146,4,"QB,RB,TE,WR",FALSE,TRUE
2023,13,11569,Justin Freeman,725315,212,4,"QB,RB,TE,WR",FALSE,TRUE
2023,13,11570,Projections Consensus,-1,215,4,"QB,RB,TE,WR",FALSE,TRUE
2023,13,11572,Bottom Line Consensus,0,221,4,"QB,RB,TE,WR",TRUE,FALSE
2023,14,12008,Sigmund Bloom,10598,174,4,"QB,RB,TE,WR",FALSE,TRUE
2023,14,12066,Maurile Tremblay,268,220,4,"QB,RB,TE,WR",FALSE,TRUE
2023,14,12082,Jason Wood,271,223,4,"QB,RB,TE,WR",FALSE,TRUE
2023,14,12103,Justin Freeman,725315,249,4,"QB,RB,TE,WR",FALSE,TRUE
2023,14,12104,Projections Consensus,-1,252,4,"QB,RB,TE,WR",FALSE,TRUE
2023,14,12106,Bottom Line Consensus,0,257,4,"QB,RB,TE,WR",TRUE,FALSE
2023,15,12560,Jason Wood,271,236,4,"QB,RB,TE,WR",FALSE,TRUE
2023,15,12648,Sigmund Bloom,10598,186,4,"QB,RB,TE,WR",FALSE,TRUE
2023,15,12666,Justin Freeman,725315,265,4,"QB,RB,TE,WR",FALSE,TRUE
2023,15,12676,Maurile Tremblay,268,236,4,"QB,RB,TE,WR",FALSE,TRUE
2023,15,12677,Projections Consensus,-1,269,4,"QB,RB,TE,WR",FALSE,TRUE
2023,15,12679,Bottom Line Consensus,0,277,4,"QB,RB,TE,WR",TRUE,FALSE
2023,16,13143,Jason Wood,271,241,4,"QB,RB,TE,WR",FALSE,TRUE
2023,16,13174,Sigmund Bloom,10598,190,4,"QB,RB,TE,WR",FALSE,TRUE
2023,16,13195,Maurile Tremblay,268,242,4,"QB,RB,TE,WR",FALSE,TRUE
2023,16,13233,Justin Freeman,725315,266,4,"QB,RB,TE,WR",FALSE,TRUE
2023,16,13298,Projections Consensus,-1,275,4,"QB,RB,TE,WR",FALSE,TRUE
2023,16,13299,Bottom Line Consensus,0,275,4,"QB,RB,TE,WR",TRUE,FALSE
2023,17,13545,Sigmund Bloom,10598,187,4,"QB,RB,TE,WR",FALSE,TRUE
2023,17,13829,Jason Wood,271,226,4,"QB,RB,TE,WR",FALSE,TRUE
2023,17,13861,Justin Freeman,725315,259,4,"QB,RB,TE,WR",FALSE,TRUE
2023,17,13889,Maurile Tremblay,268,237,4,"QB,RB,TE,WR",FALSE,TRUE
2023,17,13890,Projections Consensus,-1,272,4,"QB,RB,TE,WR",FALSE,TRUE
2023,17,13892,Bottom Line Consensus,0,277,4,"QB,RB,TE,WR",TRUE,FALSE
2024,1,19501,Justin Freeman,725315,319,4,"QB,RB,TE,WR",FALSE,TRUE
2024,1,19507,Maurile Tremblay,268,305,4,"QB,RB,TE,WR",FALSE,TRUE
2024,1,19517,Sigmund Bloom,10598,229,4,"QB,RB,TE,WR",FALSE,TRUE
2024,1,19530,Jason Wood,271,272,4,"QB,RB,TE,WR",FALSE,TRUE
2024,1,19531,Projections Consensus,-1,338,4,"QB,RB,TE,WR",FALSE,TRUE
2024,1,19533,Bottom Line Consensus,0,350,4,"QB,RB,TE,WR",TRUE,FALSE
2024,1,19128,Adam Harstad,10768,62,2,"RB,WR",FALSE,FALSE
2024,1,19129,Projections Consensus,-1,62,2,"RB,WR",FALSE,FALSE
2024,1,19130,Bottom Line Consensus,0,62,2,"RB,WR",TRUE,FALSE
2024,2,20116,Jason Wood,271,281,4,"QB,RB,TE,WR",FALSE,TRUE
2024,2,20146,Sigmund Bloom,10598,211,4,"QB,RB,TE,WR",FALSE,TRUE
2024,2,20204,Maurile Tremblay,268,267,4,"QB,RB,TE,WR",FALSE,TRUE
2024,2,20257,Justin Freeman,725315,314,4,"QB,RB,TE,WR",FALSE,TRUE
2024,2,20258,Projections Consensus,-1,327,4,"QB,RB,TE,WR",FALSE,TRUE
2024,2,20271,Bottom Line Consensus,0,340,4,"QB,RB,TE,WR",TRUE,FALSE
2024,2,19774,Adam Harstad,10768,62,2,"RB,WR",FALSE,FALSE
2024,2,19775,Projections Consensus,-1,62,2,"RB,WR",FALSE,FALSE
2024,2,19776,Bottom Line Consensus,0,62,2,"RB,WR",TRUE,FALSE
2024,3,20873,Sigmund Bloom,10598,217,4,"QB,RB,TE,WR",FALSE,TRUE
2024,3,20962,Maurile Tremblay,268,273,4,"QB,RB,TE,WR",FALSE,TRUE
2024,3,20974,Jason Wood,271,253,4,"QB,RB,TE,WR",FALSE,TRUE
2024,3,21009,Justin Freeman,725315,306,4,"QB,RB,TE,WR",FALSE,TRUE
2024,3,21010,Projections Consensus,-1,311,4,"QB,RB,TE,WR",FALSE,TRUE
2024,3,21012,Bottom Line Consensus,0,333,4,"QB,RB,TE,WR",TRUE,FALSE
2024,3,20496,Adam Harstad,10768,62,2,"RB,WR",FALSE,FALSE
2024,3,20497,Projections Consensus,-1,62,2,"RB,WR",FALSE,FALSE
2024,3,20498,Bottom Line Consensus,0,62,2,"RB,WR",TRUE,FALSE
2024,4,21551,Sigmund Bloom,10598,220,4,"QB,RB,TE,WR",FALSE,TRUE
2024,4,21682,Jason Wood,271,266,4,"QB,RB,TE,WR",FALSE,TRUE
2024,4,21742,Maurile Tremblay,268,286,4,"QB,RB,TE,WR",FALSE,TRUE
2024,4,21757,Justin Freeman,725315,310,4,"QB,RB,TE,WR",FALSE,TRUE
2024,4,21773,Projections Consensus,-1,321,4,"QB,RB,TE,WR",FALSE,TRUE
2024,4,21774,Bottom Line Consensus,0,330,4,"QB,RB,TE,WR",TRUE,FALSE
2024,4,21228,Adam Harstad,10768,60,2,"RB,WR",FALSE,FALSE
2024,4,21229,Projections Consensus,-1,60,2,"RB,WR",FALSE,FALSE
2024,4,21230,Bottom Line Consensus,0,60,2,"RB,WR",TRUE,FALSE
2024,5,22328,Jason Wood,271,229,4,"QB,RB,TE,WR",FALSE,TRUE
2024,5,22456,Sigmund Bloom,10598,186,4,"QB,RB,TE,WR",FALSE,TRUE
2024,5,22530,Maurile Tremblay,268,241,4,"QB,RB,TE,WR",FALSE,TRUE
2024,5,22540,Justin Freeman,725315,273,4,"QB,RB,TE,WR",FALSE,TRUE
2024,5,22541,Projections Consensus,-1,285,4,"QB,RB,TE,WR",FALSE,TRUE
2024,5,22543,Bottom Line Consensus,0,296,4,"QB,RB,TE,WR",TRUE,FALSE
2024,5,22040,Adam Harstad,10768,53,2,"RB,WR",FALSE,FALSE
2024,5,22041,Projections Consensus,-1,53,2,"RB,WR",FALSE,FALSE
2024,5,22042,Bottom Line Consensus,0,53,2,"RB,WR",TRUE,FALSE
2024,6,23216,Jason Wood,271,238,4,"QB,RB,TE,WR",FALSE,TRUE
2024,6,23354,Justin Freeman,725315,275,4,"QB,RB,TE,WR",FALSE,TRUE
2024,6,23355,Sigmund Bloom,10598,187,4,"QB,RB,TE,WR",FALSE,TRUE
2024,6,23369,Maurile Tremblay,268,242,4,"QB,RB,TE,WR",FALSE,TRUE
2024,6,23370,Projections Consensus,-1,286,4,"QB,RB,TE,WR",FALSE,TRUE
2024,6,23372,Bottom Line Consensus,0,295,4,"QB,RB,TE,WR",TRUE,FALSE
2024,7,23960,Sigmund Bloom,10598,207,4,"QB,RB,TE,WR",FALSE,TRUE
2024,7,23990,Jason Wood,271,265,4,"QB,RB,TE,WR",FALSE,TRUE
2024,7,24088,Maurile Tremblay,268,270,4,"QB,RB,TE,WR",FALSE,TRUE
2024,7,24144,Justin Freeman,725315,288,4,"QB,RB,TE,WR",FALSE,TRUE
2024,7,24162,Projections Consensus,-1,306,4,"QB,RB,TE,WR",FALSE,TRUE
2024,7,24163,Bottom Line Consensus,0,320,4,"QB,RB,TE,WR",TRUE,FALSE
2024,7,23664,Adam Harstad,10768,58,2,"RB,WR",FALSE,FALSE
2024,7,23665,Projections Consensus,-1,58,2,"RB,WR",FALSE,FALSE
2024,7,23666,Bottom Line Consensus,0,58,2,"RB,WR",TRUE,FALSE
2024,8,24878,Sigmund Bloom,10598,224,4,"QB,RB,TE,WR",FALSE,TRUE
2024,8,24946,Jason Wood,271,274,4,"QB,RB,TE,WR",FALSE,TRUE
2024,8,24960,Maurile Tremblay,268,287,4,"QB,RB,TE,WR",FALSE,TRUE
2024,8,24975,Justin Freeman,725315,313,4,"QB,RB,TE,WR",FALSE,TRUE
2024,8,24981,Projections Consensus,-1,322,4,"QB,RB,TE,WR",FALSE,TRUE
2024,8,24982,Bottom Line Consensus,0,330,4,"QB,RB,TE,WR",TRUE,FALSE
2024,8,24399,Adam Harstad,10768,56,2,"RB,WR",FALSE,FALSE
2024,8,24400,Projections Consensus,-1,56,2,"RB,WR",FALSE,FALSE
2024,8,24401,Bottom Line Consensus,0,56,2,"RB,WR",TRUE,FALSE
2024,9,25694,Sigmund Bloom,10598,211,4,"QB,RB,TE,WR",FALSE,TRUE
2024,9,25732,Maurile Tremblay,268,264,4,"QB,RB,TE,WR",FALSE,TRUE
2024,9,25777,Justin Freeman,725315,288,4,"QB,RB,TE,WR",FALSE,TRUE
2024,9,25789,Jason Wood,271,252,4,"QB,RB,TE,WR",FALSE,TRUE
2024,9,25790,Projections Consensus,-1,299,4,"QB,RB,TE,WR",FALSE,TRUE
2024,9,25792,Bottom Line Consensus,0,326,4,"QB,RB,TE,WR",TRUE,FALSE
2024,9,25424,Adam Harstad,10768,49,2,"RB,WR",FALSE,FALSE
2024,9,25425,Projections Consensus,-1,49,2,"RB,WR",FALSE,FALSE
2024,9,25426,Bottom Line Consensus,0,49,2,"RB,WR",TRUE,FALSE
2024,10,26232,Sigmund Bloom,10598,202,4,"QB,RB,TE,WR",FALSE,TRUE
2024,10,26439,Jason Wood,271,243,4,"QB,RB,TE,WR",FALSE,TRUE
2024,10,26487,Maurile Tremblay,268,248,4,"QB,RB,TE,WR",FALSE,TRUE
2024,10,26517,Justin Freeman,725315,274,4,"QB,RB,TE,WR",FALSE,TRUE
2024,10,26527,Projections Consensus,-1,281,4,"QB,RB,TE,WR",FALSE,TRUE
2024,10,26528,Bottom Line Consensus,0,301,4,"QB,RB,TE,WR",TRUE,FALSE
2024,11,26993,Sigmund Bloom,10598,196,4,"QB,RB,TE,WR",FALSE,TRUE
2024,11,27189,Jason Wood,271,234,4,"QB,RB,TE,WR",FALSE,TRUE
2024,11,27222,Maurile Tremblay,268,239,4,"QB,RB,TE,WR",FALSE,TRUE
2024,11,27263,Justin Freeman,725315,266,4,"QB,RB,TE,WR",FALSE,TRUE
2024,11,27281,Projections Consensus,-1,276,4,"QB,RB,TE,WR",FALSE,TRUE
2024,11,27285,Bottom Line Consensus,0,291,4,"QB,RB,TE,WR",TRUE,FALSE
2024,11,26764,Adam Harstad,10768,46,2,"RB,WR",FALSE,FALSE
2024,11,26765,Projections Consensus,-1,46,2,"RB,WR",FALSE,FALSE
2024,11,26766,Bottom Line Consensus,0,46,2,"RB,WR",TRUE,FALSE
2024,12,27982,Jason Wood,271,223,4,"QB,RB,TE,WR",FALSE,TRUE
2024,12,28033,Sigmund Bloom,10598,189,4,"QB,RB,TE,WR",FALSE,TRUE
2024,12,28057,Maurile Tremblay,268,237,4,"QB,RB,TE,WR",FALSE,TRUE
2024,12,28084,Justin Freeman,725315,262,4,"QB,RB,TE,WR",FALSE,TRUE
2024,12,28085,Projections Consensus,-1,267,4,"QB,RB,TE,WR",FALSE,TRUE
2024,12,28090,Bottom Line Consensus,0,278,4,"QB,RB,TE,WR",TRUE,FALSE
2024,13,28767,Jason Wood,271,269,4,"QB,RB,TE,WR",FALSE,TRUE
2024,13,28778,Sigmund Bloom,10598,227,4,"QB,RB,TE,WR",FALSE,TRUE
2024,13,28823,Maurile Tremblay,268,283,4,"QB,RB,TE,WR",FALSE,TRUE
2024,13,28874,Justin Freeman,725315,314,4,"QB,RB,TE,WR",FALSE,TRUE
2024,13,28875,Projections Consensus,-1,321,4,"QB,RB,TE,WR",FALSE,TRUE
2024,13,28877,Bottom Line Consensus,0,340,4,"QB,RB,TE,WR",TRUE,FALSE
2024,14,29650,Jason Wood,271,218,4,"QB,RB,TE,WR",FALSE,TRUE
2024,14,29680,Maurile Tremblay,268,221,4,"QB,RB,TE,WR",FALSE,TRUE
2024,14,29689,Sigmund Bloom,10598,174,4,"QB,RB,TE,WR",FALSE,TRUE
2024,14,29728,Justin Freeman,725315,246,4,"QB,RB,TE,WR",FALSE,TRUE
2024,14,29738,Projections Consensus,-1,254,4,"QB,RB,TE,WR",FALSE,TRUE
2024,14,29739,Bottom Line Consensus,0,269,4,"QB,RB,TE,WR",TRUE,FALSE
2024,15,30545,Maurile Tremblay,268,284,4,"QB,RB,TE,WR",FALSE,TRUE
2024,15,30555,Justin Freeman,725315,312,4,"QB,RB,TE,WR",FALSE,TRUE
2024,15,30574,Jason Wood,271,265,4,"QB,RB,TE,WR",FALSE,TRUE
2024,15,30599,Sigmund Bloom,10598,229,4,"QB,RB,TE,WR",FALSE,TRUE
2024,15,30600,Projections Consensus,-1,323,4,"QB,RB,TE,WR",FALSE,TRUE
2024,15,30605,Bottom Line Consensus,0,336,4,"QB,RB,TE,WR",TRUE,FALSE
2024,16,31328,Sigmund Bloom,10598,215,4,"QB,RB,TE,WR",FALSE,TRUE
2024,16,31400,Jason Wood,271,270,4,"QB,RB,TE,WR",FALSE,TRUE
2024,16,31409,Maurile Tremblay,268,282,4,"QB,RB,TE,WR",FALSE,TRUE
2024,16,31468,Justin Freeman,725315,314,4,"QB,RB,TE,WR",FALSE,TRUE
2024,16,31483,Projections Consensus,-1,319,4,"QB,RB,TE,WR",FALSE,TRUE
2024,16,31490,Bottom Line Consensus,0,334,4,"QB,RB,TE,WR",TRUE,FALSE
2024,17,32292,Maurile Tremblay,268,286,4,"QB,RB,TE,WR",FALSE,TRUE
2024,17,32338,Jason Wood,271,270,4,"QB,RB,TE,WR",FALSE,TRUE
2024,17,32361,Sigmund Bloom,10598,218,4,"QB,RB,TE,WR",FALSE,TRUE
2024,17,32402,Justin Freeman,725315,312,4,"QB,RB,TE,WR",FALSE,TRUE
2024,17,32403,Projections Consensus,-1,320,4,"QB,RB,TE,WR",FALSE,TRUE
2024,17,32405,Bottom Line Consensus,0,337,4,"QB,RB,TE,WR",TRUE,FALSE
2025,1,39546,Darin Tietgen,96727,1,1,WR,FALSE,FALSE
2025,1,39568,John Norton,252,1,1,WR,FALSE,FALSE
2025,1,39645,Projections Consensus,-1,1,1,WR,FALSE,FALSE
2025,1,39646,Bottom Line Consensus,0,1,1,WR,TRUE,FALSE
2025,1,39556,Sigmund Bloom,10598,248,4,"QB,RB,TE,WR",FALSE,TRUE
2025,1,39562,Jason Wood,271,333,4,"QB,RB,TE,WR",FALSE,TRUE
2025,1,39599,Maurile Tremblay,268,350,4,"QB,RB,TE,WR",FALSE,TRUE
2025,1,39643,Projections Consensus,-1,371,4,"QB,RB,TE,WR",FALSE,TRUE
2025,1,39647,Bottom Line Consensus,0,371,4,"QB,RB,TE,WR",TRUE,FALSE
2025,1,39261,Adam Harstad,10768,43,2,"RB,WR",FALSE,FALSE
2025,1,39262,Projections Consensus,-1,43,2,"RB,WR",FALSE,FALSE
2025,1,39263,Bottom Line Consensus,0,43,2,"RB,WR",TRUE,FALSE
2025,2,40400,John Norton,252,1,1,WR,FALSE,FALSE
2025,2,40414,Darin Tietgen,96727,1,1,WR,FALSE,FALSE
2025,2,40465,Maurile Tremblay,268,1,1,WR,FALSE,FALSE
2025,2,40544,Projections Consensus,-1,1,1,WR,FALSE,FALSE
2025,2,40545,Bottom Line Consensus,0,1,1,WR,TRUE,FALSE
2025,2,40368,Sigmund Bloom,10598,258,4,"QB,RB,TE,WR",FALSE,TRUE
2025,2,40439,Jason Wood,271,331,4,"QB,RB,TE,WR",FALSE,TRUE
2025,2,40459,Maurile Tremblay,268,332,4,"QB,RB,TE,WR",FALSE,TRUE
2025,2,40542,Projections Consensus,-1,348,4,"QB,RB,TE,WR",FALSE,TRUE
2025,2,40543,Bottom Line Consensus,0,348,4,"QB,RB,TE,WR",TRUE,FALSE
2025,2,39744,Adam Harstad,10768,66,2,"RB,WR",FALSE,FALSE
2025,2,39745,Projections Consensus,-1,66,2,"RB,WR",FALSE,FALSE
2025,2,39746,Bottom Line Consensus,0,66,2,"RB,WR",TRUE,FALSE
2025,3,41258,John Norton,252,1,1,WR,FALSE,FALSE
2025,3,41271,Darin Tietgen,96727,1,1,WR,FALSE,FALSE
2025,3,41340,Maurile Tremblay,268,1,1,WR,FALSE,FALSE
2025,3,41361,Projections Consensus,-1,1,1,WR,FALSE,FALSE
2025,3,41362,Bottom Line Consensus,0,1,1,WR,TRUE,FALSE
2025,3,41197,Sigmund Bloom,10598,254,4,"QB,RB,TE,WR",FALSE,TRUE
2025,3,41281,Jason Wood,271,317,4,"QB,RB,TE,WR",FALSE,TRUE
2025,3,41321,Maurile Tremblay,268,327,4,"QB,RB,TE,WR",FALSE,TRUE
2025,3,41359,Projections Consensus,-1,341,4,"QB,RB,TE,WR",FALSE,TRUE
2025,3,41360,Bottom Line Consensus,0,341,4,"QB,RB,TE,WR",TRUE,FALSE
2025,3,40783,Adam Harstad,10768,66,2,"RB,WR",FALSE,FALSE
2025,3,40784,Projections Consensus,-1,66,2,"RB,WR",FALSE,FALSE
2025,3,40785,Bottom Line Consensus,0,66,2,"RB,WR",TRUE,FALSE
2025,4,42135,Maurile Tremblay,268,1,1,WR,FALSE,FALSE
2025,4,42139,Darin Tietgen,96727,1,1,WR,FALSE,FALSE
2025,4,42152,John Norton,252,1,1,WR,FALSE,FALSE
2025,4,42281,Projections Consensus,-1,1,1,WR,FALSE,FALSE
2025,4,42282,Bottom Line Consensus,0,1,1,WR,TRUE,FALSE
2025,4,42198,Maurile Tremblay,268,323,4,"QB,RB,TE,WR",FALSE,TRUE
2025,4,42208,Jason Wood,271,313,4,"QB,RB,TE,WR",FALSE,TRUE
2025,4,42237,Sigmund Bloom,10598,248,4,"QB,RB,TE,WR",FALSE,TRUE
2025,4,42279,Projections Consensus,-1,334,4,"QB,RB,TE,WR",FALSE,TRUE
2025,4,42280,Bottom Line Consensus,0,334,4,"QB,RB,TE,WR",TRUE,FALSE
2025,4,41578,Adam Harstad,10768,66,2,"RB,WR",FALSE,FALSE
2025,4,41579,Projections Consensus,-1,66,2,"RB,WR",FALSE,FALSE
2025,4,41580,Bottom Line Consensus,0,66,2,"RB,WR",TRUE,FALSE
2025,5,43178,Maurile Tremblay,268,1,1,WR,FALSE,FALSE
2025,5,43182,John Norton,252,1,1,WR,FALSE,FALSE
2025,5,43207,Darin Tietgen,96727,1,1,WR,FALSE,FALSE
2025,5,43281,Projections Consensus,-1,1,1,WR,FALSE,FALSE
2025,5,43282,Bottom Line Consensus,0,1,1,WR,TRUE,FALSE
2025,5,43061,Sigmund Bloom,10598,217,4,"QB,RB,TE,WR",FALSE,TRUE
2025,5,43195,Jason Wood,271,266,4,"QB,RB,TE,WR",FALSE,TRUE
2025,5,43201,Maurile Tremblay,268,276,4,"QB,RB,TE,WR",FALSE,TRUE
2025,5,43279,Projections Consensus,-1,282,4,"QB,RB,TE,WR",FALSE,TRUE
2025,5,43280,Bottom Line Consensus,0,282,4,"QB,RB,TE,WR",TRUE,FALSE
2025,5,42596,Adam Harstad,10768,57,2,"RB,WR",FALSE,FALSE
2025,5,42597,Projections Consensus,-1,57,2,"RB,WR",FALSE,FALSE
2025,5,42598,Bottom Line Consensus,0,57,2,"RB,WR",TRUE,FALSE
2025,6,44476,John Norton,252,1,1,WR,FALSE,FALSE
2025,6,44484,Darin Tietgen,96727,1,1,WR,FALSE,FALSE
2025,6,44660,Maurile Tremblay,268,1,1,WR,FALSE,FALSE
2025,6,44697,Projections Consensus,-1,1,1,WR,FALSE,FALSE
2025,6,44698,Bottom Line Consensus,0,1,1,WR,TRUE,FALSE
2025,6,44457,Jason Wood,271,296,4,"QB,RB,TE,WR",FALSE,TRUE
2025,6,44648,Maurile Tremblay,268,302,4,"QB,RB,TE,WR",FALSE,TRUE
2025,6,44654,Sigmund Bloom,10598,246,4,"QB,RB,TE,WR",FALSE,TRUE
2025,6,44695,Projections Consensus,-1,322,4,"QB,RB,TE,WR",FALSE,TRUE
2025,6,44703,Bottom Line Consensus,0,322,4,"QB,RB,TE,WR",TRUE,FALSE
2025,6,43645,Adam Harstad,10768,61,2,"RB,WR",FALSE,FALSE
2025,6,43646,Projections Consensus,-1,61,2,"RB,WR",FALSE,FALSE
2025,6,43647,Bottom Line Consensus,0,61,2,"RB,WR",TRUE,FALSE
2025,7,45828,Darin Tietgen,96727,1,1,WR,FALSE,FALSE
2025,7,45917,John Norton,252,1,1,WR,FALSE,FALSE
2025,7,45972,Maurile Tremblay,268,1,1,WR,FALSE,FALSE
2025,7,46073,Projections Consensus,-1,1,1,WR,FALSE,FALSE
2025,7,46074,Bottom Line Consensus,0,1,1,WR,TRUE,FALSE
2025,7,45803,Sigmund Bloom,10598,237,4,"QB,RB,TE,WR",FALSE,TRUE
2025,7,45976,Maurile Tremblay,268,301,4,"QB,RB,TE,WR",FALSE,TRUE
2025,7,46007,Jason Wood,271,291,4,"QB,RB,TE,WR",FALSE,TRUE
2025,7,46071,Projections Consensus,-1,316,4,"QB,RB,TE,WR",FALSE,TRUE
2025,7,46085,Bottom Line Consensus,0,316,4,"QB,RB,TE,WR",TRUE,FALSE
2025,7,45001,Adam Harstad,10768,62,2,"RB,WR",FALSE,FALSE
2025,7,45002,Projections Consensus,-1,62,2,"RB,WR",FALSE,FALSE
2025,7,45003,Bottom Line Consensus,0,62,2,"RB,WR",TRUE,FALSE
2025,8,47125,Sigmund Bloom,10598,199,4,"QB,RB,TE,WR",FALSE,TRUE
2025,8,47205,Jason Wood,271,243,4,"QB,RB,TE,WR",FALSE,TRUE
2025,8,47236,Maurile Tremblay,268,263,4,"QB,RB,TE,WR",FALSE,TRUE
2025,8,47284,Projections Consensus,-1,271,4,"QB,RB,TE,WR",FALSE,TRUE
2025,8,47301,Bottom Line Consensus,0,271,4,"QB,RB,TE,WR",TRUE,FALSE
2025,8,46408,Adam Harstad,10768,51,2,"RB,WR",FALSE,FALSE
2025,8,46409,Projections Consensus,-1,51,2,"RB,WR",FALSE,FALSE
2025,8,46410,Bottom Line Consensus,0,51,2,"RB,WR",TRUE,FALSE
2025,9,48700,John Norton,252,1,1,WR,FALSE,FALSE
2025,9,48756,Projections Consensus,-1,1,1,WR,FALSE,FALSE
2025,9,48757,Bottom Line Consensus,0,1,1,WR,TRUE,FALSE
2025,9,48483,Sigmund Bloom,10598,226,4,"QB,RB,TE,WR",FALSE,TRUE
2025,9,48656,Jason Wood,271,263,4,"QB,RB,TE,WR",FALSE,TRUE
2025,9,48765,Maurile Tremblay,268,279,4,"QB,RB,TE,WR",FALSE,TRUE
2025,9,48766,Projections Consensus,-1,289,4,"QB,RB,TE,WR",FALSE,TRUE
2025,9,48771,Bottom Line Consensus,0,289,4,"QB,RB,TE,WR",TRUE,FALSE
2025,9,47609,Adam Harstad,10768,60,2,"RB,WR",FALSE,FALSE
2025,9,47610,Projections Consensus,-1,60,2,"RB,WR",FALSE,FALSE
2025,9,47611,Bottom Line Consensus,0,60,2,"RB,WR",TRUE,FALSE
2025,10,49887,Sigmund Bloom,10598,211,4,"QB,RB,TE,WR",FALSE,TRUE
2025,10,49949,Maurile Tremblay,268,283,4,"QB,RB,TE,WR",FALSE,TRUE
2025,10,50020,Jason Wood,271,261,4,"QB,RB,TE,WR",FALSE,TRUE
2025,10,50167,Projections Consensus,-1,294,4,"QB,RB,TE,WR",FALSE,TRUE
2025,10,50175,Bottom Line Consensus,0,294,4,"QB,RB,TE,WR",TRUE,FALSE
2025,10,49078,Adam Harstad,10768,59,2,"RB,WR",FALSE,FALSE
2025,10,49079,Projections Consensus,-1,59,2,"RB,WR",FALSE,FALSE
2025,10,49080,Bottom Line Consensus,0,59,2,"RB,WR",TRUE,FALSE
2025,11,51529,Jason Wood,271,276,4,"QB,RB,TE,WR",FALSE,TRUE
2025,11,51543,Sigmund Bloom,10598,234,4,"QB,RB,TE,WR",FALSE,TRUE
2025,11,51749,Maurile Tremblay,268,293,4,"QB,RB,TE,WR",FALSE,TRUE
2025,11,51750,Projections Consensus,-1,308,4,"QB,RB,TE,WR",FALSE,TRUE
2025,11,51752,Bottom Line Consensus,0,308,4,"QB,RB,TE,WR",TRUE,FALSE
2025,12,52311,Jason Wood,271,273,4,"QB,RB,TE,WR",FALSE,TRUE
2025,12,52935,Sigmund Bloom,10598,219,4,"QB,RB,TE,WR",FALSE,TRUE
2025,12,53068,Maurile Tremblay,268,275,4,"QB,RB,TE,WR",FALSE,TRUE
2025,12,53167,Projections Consensus,-1,297,4,"QB,RB,TE,WR",FALSE,TRUE
2025,12,53178,Bottom Line Consensus,0,297,4,"QB,RB,TE,WR",TRUE,FALSE
2025,12,52721,Adam Harstad,10768,59,2,"RB,WR",FALSE,FALSE
2025,12,52722,Projections Consensus,-1,59,2,"RB,WR",FALSE,FALSE
2025,12,52723,Bottom Line Consensus,0,59,2,"RB,WR",TRUE,FALSE
2025,13,54267,Jason Wood,271,334,4,"QB,RB,TE,WR",FALSE,TRUE
2025,13,54472,Sigmund Bloom,10598,242,4,"QB,RB,TE,WR",FALSE,TRUE
2025,13,54592,Maurile Tremblay,268,322,4,"QB,RB,TE,WR",FALSE,TRUE
2025,13,54687,Projections Consensus,-1,343,4,"QB,RB,TE,WR",FALSE,TRUE
2025,13,54695,Bottom Line Consensus,0,343,4,"QB,RB,TE,WR",TRUE,FALSE
2025,13,53274,Adam Harstad,10768,58,2,"RB,WR",FALSE,FALSE
2025,13,53275,Projections Consensus,-1,58,2,"RB,WR",FALSE,FALSE
2025,13,53276,Bottom Line Consensus,0,58,2,"RB,WR",TRUE,FALSE
2025,14,55890,Sigmund Bloom,10598,222,4,"QB,RB,TE,WR",FALSE,TRUE
2025,14,55930,Jason Wood,271,276,4,"QB,RB,TE,WR",FALSE,TRUE
2025,14,56186,Maurile Tremblay,268,279,4,"QB,RB,TE,WR",FALSE,TRUE
2025,14,56198,Projections Consensus,-1,294,4,"QB,RB,TE,WR",FALSE,TRUE
2025,14,56206,Bottom Line Consensus,0,294,4,"QB,RB,TE,WR",TRUE,FALSE
2025,14,55746,Adam Harstad,10768,49,2,"RB,WR",FALSE,FALSE
2025,14,55747,Projections Consensus,-1,49,2,"RB,WR",FALSE,FALSE
2025,14,55748,Bottom Line Consensus,0,61,2,"RB,WR",TRUE,FALSE
2025,15,57547,Sigmund Bloom,10598,252,4,"QB,RB,TE,WR",FALSE,TRUE
2025,15,57565,Jason Wood,271,321,4,"QB,RB,TE,WR",FALSE,TRUE
2025,15,57714,Maurile Tremblay,268,332,4,"QB,RB,TE,WR",FALSE,TRUE
2025,15,57715,Projections Consensus,-1,352,4,"QB,RB,TE,WR",FALSE,TRUE
2025,15,57717,Bottom Line Consensus,0,352,4,"QB,RB,TE,WR",TRUE,FALSE
2025,15,56512,Adam Harstad,10768,56,2,"RB,WR",FALSE,FALSE
2025,15,56513,Projections Consensus,-1,56,2,"RB,WR",FALSE,FALSE
2025,15,56514,Bottom Line Consensus,0,56,2,"RB,WR",TRUE,FALSE
2025,16,59177,Sigmund Bloom,10598,246,4,"QB,RB,TE,WR",FALSE,TRUE
2025,16,59282,Jason Wood,271,299,4,"QB,RB,TE,WR",FALSE,TRUE
2025,16,59336,Maurile Tremblay,268,320,4,"QB,RB,TE,WR",FALSE,TRUE
2025,16,59409,Projections Consensus,-1,335,4,"QB,RB,TE,WR",FALSE,TRUE
2025,16,59449,Bottom Line Consensus,0,335,4,"QB,RB,TE,WR",TRUE,FALSE
2025,16,58055,Adam Harstad,10768,59,2,"RB,WR",FALSE,FALSE
2025,16,58056,Projections Consensus,-1,59,2,"RB,WR",FALSE,FALSE
2025,16,58057,Bottom Line Consensus,0,59,2,"RB,WR",TRUE,FALSE
2025,17,61201,Sigmund Bloom,10598,245,4,"QB,RB,TE,WR",FALSE,TRUE
2025,17,61213,Jason Wood,271,295,4,"QB,RB,TE,WR",FALSE,TRUE
2025,17,61288,Maurile Tremblay,268,328,4,"QB,RB,TE,WR",FALSE,TRUE
2025,17,61356,Projections Consensus,-1,342,4,"QB,RB,TE,WR",FALSE,TRUE
2025,17,61365,Bottom Line Consensus,0,342,4,"QB,RB,TE,WR",TRUE,FALSE
2025,17,59744,Adam Harstad,10768,59,2,"RB,WR",FALSE,FALSE
2025,17,59745,Projections Consensus,-1,59,2,"RB,WR",FALSE,FALSE
2025,17,59746,Bottom Line Consensus,0,59,2,"RB,WR",TRUE,FALSE
