"player_id","player_name","position","team","week","n_simulations","mean","median","floor","ceiling","p15","p85","probability_zero","probability_active","active_mean","active_p15","active_p85"
"3918298","Josh Allen","QB","BUF",1,10000,22.742326,21.32,13.5,32.84,13.5,32.84,0.0172,0.9828,23.1403398453398,13.92,32.84
"3916387","Lamar Jackson","QB","BAL",1,10000,22.348623,20.62,12.86,31.03,12.86,31.03,0,1,22.348623,12.86,31.03
"4360310","Trevor Lawrence","QB","JAX",1,10000,20.698126,20.67,11.44,31.62,11.44,31.62,0,1,20.698126,11.44,31.62
"4429795","Jahmyr Gibbs","RB","DET",1,10000,20.680478,19.7,7,32.1,7,32.1,0.0013,0.9987,20.707397616902,7,32.1
"3915511","Joe Burrow","QB","CIN",1,10000,20.67406,20.06,12,29.9,12,29.9,1e-04,0.9999,20.6761276127613,12,29.9
"4426348","Jayden Daniels","QB","WAS",1,10000,20.416675,20,11.06,30.48,11.06,30.48,0.043,0.957,21.3340386624869,12.04,30.48
"4431611","Caleb Williams","QB","CHI",1,10000,20.270291,19.7,10.96,30.18,10.96,30.18,0,1,20.270291,10.96,30.18
"3139477","Patrick Mahomes","QB","KC",1,10000,20.225374,20.04,10.96,30.28,10.96,30.28,0,1,20.225374,10.96,30.28
"2577417","Dak Prescott","QB","DAL",1,10000,20.224025,19.34,10.96,29.92,10.96,29.92,1e-04,0.9999,20.2260476047605,10.96,29.92
"4431452","Drake Maye","QB","NE",1,10000,19.971819,19.74,9.92,29.92,9.92,29.92,0.0358,0.9642,20.7133571873055,11.42,30.24
"4689114","Jaxson Dart","QB","NYG",1,10000,19.597968,19.36,10.14,29.08,10.14,29.08,1e-04,0.9999,19.5999279927993,10.14,29.08
"12483","Matthew Stafford","QB","LA",1,10000,19.321123,18.92,9.96,28.9,9.96,28.9,0,1,19.321123,9.96,28.9
"4040715","Jalen Hurts","QB","PHI",1,10000,19.240325,19.22,8.79,29.84,8.79,29.84,0.0786,0.9214,20.8816203603213,11.6,30.18
"4038941","Justin Herbert","QB","LAC",1,10000,19.006936,18.92,8.06,29.76,8.06,29.76,0.0604,0.9396,20.2287526607067,10.73,29.9
"4430807","Bijan Robinson","RB","ATL",1,10000,18.926766,17.9,7,29.8,7,29.8,0,1,18.926766,7,29.8
"4361741","Brock Purdy","QB","SF",1,10000,18.925468,18.5,9.86,27.88,9.86,27.88,0,1,18.925468,9.86,27.88
"3117251","Christian McCaffrey","RB","SF",1,10000,18.575262,17.2,7.3,28.9,7.3,28.9,0.0116,0.9884,18.7932638607851,7.9,28.9
"4426338","Bo Nix","QB","DEN",1,10000,17.432442,16.8,8.9,26.3869999999999,8.9,26.3869999999999,0,1,17.432442,8.9,26.3869999999999
"3929630","Saquon Barkley","RB","PHI",1,10000,17.374646,16.1,7.9,26.9,7.9,26.9,0.0022,0.9978,17.4129544998998,7.9,26.9
"3052587","Baker Mayfield","QB","TB",1,10000,17.205698,16.82,8.67099999999999,26,8.67099999999999,26,0,1,17.205698,8.67099999999999,26
"3046779","Jared Goff","QB","DET",1,10000,17.002473,16.48,8.9,26.34,8.9,26.34,0,1,17.002473,8.9,26.34
"4360689","Tyler Shough","QB","NO",1,10000,16.356831,16.24,8,25.14,8,25.14,0,1,16.356831,8,25.14
"4890973","Ashton Jeanty","RB","LV",1,10000,15.909338,14.1,7.5,25.8,7.5,25.8,1e-04,0.9999,15.9109290929093,7.5,25.8
"3912547","Sam Darnold","QB","SEA",1,10000,15.892034,15.58,7,25.24,7,25.24,0.0011,0.9995,15.899983991996,7.06,25.24
"4426515","Puka Nacua","WR","LA",1,10000,15.515224,15.4,6.1,24.7,6.1,24.7,0.0034,0.9966,15.5681557294802,6.1,24.7
"4567048","Kenneth Walker","RB","KC",1,10000,15.497406,13.92,6.88499999999999,25.6,6.88499999999999,25.6,0.0075,0.9925,15.614514861461,6.9,25.6
"4427366","Breece Hall","RB","NYJ",1,10000,15.11592,13.6,6.6,24.8,6.6,24.8,0,1,15.11592,6.6,24.8
"4362628","Ja'Marr Chase","WR","CIN",1,10000,14.939778,13.9,4.8,24.7,4.8,24.7,0.0732,0.9271,16.114527019739,6.1,24.8
"4036378","Jordan Love","QB","GB",1,10000,14.679812,14.82,0,25.92,0,25.92,0.1339,0.8705,16.8636553704767,6.7,26.92
"4685382","Omarion Hampton","RB","LAC",1,10000,14.65962,12.8,6.9,24.3299999999999,6.9,24.3299999999999,0,1,14.65962,6.9,24.3299999999999
"4374302","Amon-Ra St Brown","WR","DET",1,10000,14.56094,13.7,5.5,24.1,5.5,24.1,0.006,1,14.56094,5.5,24.1
"4870808","Jeremiyah Love","RB","ARI",1,10000,14.47829,13.1,5.6,23.8,5.6,23.8,0,1,14.47829,5.6,23.8
"4430878","Jaxon Smith-Njigba","WR","SEA",1,10000,14.400232,13.6,4.6,24.4,4.6,24.4,0.075,0.9291,15.4991195780863,5.7,24.6
"4362238","Chase Brown","RB","CIN",1,10000,14.38433,12.8,6.6,22.9,6.6,22.9,0,1,14.38433,6.6,22.9
"3917315","Kyler Murray","QB","MIN",1,10000,14.374759,14.56,0,25.46,0,25.46,0.1487,0.8547,16.8184848484849,6.96,26.342
"4432577","CJ Stroud","QB","HOU",1,10000,14.246751,14.3,1.16,24.7,1.16,24.7,0.0518,0.9571,14.8853317312715,3.08,24.98
"4241389","CeeDee Lamb","WR","DAL",1,10000,14.231594,13,5.5,23.8,5.5,23.8,0.0224,0.9945,14.3103006535948,5.5,23.8
"4360423","Michael Penix","QB","ATL",1,10000,14.124108,13.32,4.18,23.72,4.18,23.72,0,1,14.124108,4.18,23.72
"2578570","Jacoby Brissett","QB","ARI",1,10000,13.954684,13.58,3.28,23.6,3.28,23.6,0.0017,1,13.954684,3.28,23.6
"4429160","De'Von Achane","RB","MIA",1,10000,13.9152,12.5,4.4,24.3,4.4,24.3,0.0643,0.9357,14.8714331516512,5.7,24.8
"4430737","Kyren Williams","RB","LA",1,10000,13.879956,12.5,4.9,23.1,4.9,23.1,0.0048,0.9952,13.9469011254019,5,23.1
"4379399","James Cook","RB","BUF",1,10000,13.662174,12.5,0,25.3,0,25.3,0.1673,0.8327,16.4070781794164,6.9,26.8
"3917792","Daniel Jones","QB","IND",1,10000,13.633904,13.455,0.12,24.98,0.12,24.98,0.1074,0.9018,15.1185451319583,3.155,25.59
"4239996","Travis Etienne","RB","NO",1,10000,13.62925,12.4,5,22.5,5,22.5,0,1,13.62925,5,22.5
"15864","Geno Smith","QB","NYJ",1,10000,13.360162,13.24,0.8,24.02,0.8,24.02,0.0297,0.9856,13.5553591720779,1.16,24.145
"4685720","Bryce Young","QB","CAR",1,10000,13.314321,13.23,0.2,24.303,0.2,24.303,0.0802,0.9313,14.2964898528938,1.8,24.98
"4258173","Nico Collins","WR","HOU",1,10000,13.264312,12.2,4.7,22.5,4.7,22.5,0.0375,0.9862,13.4499209085378,4.8,22.6
"4361579","Javonte Williams","RB","DAL",1,10000,13.261834,11.9,4.6,21.6,4.6,21.6,0.001,0.999,13.2751091091091,4.6,21.6
"4241478","Devonta Smith","WR","PHI",1,10000,13.218088,12.3,4.9,23,4.9,23,0.0219,1,13.218088,4.9,23
"4241479","Tua Tagovailoa","QB","ATL",1,10000,13.123526,13.06,1.88,23.6,1.88,23.6,0.0031,1,13.123526,1.88,23.6
"4372016","Jaylen Waddle","WR","DEN",1,10000,13.121772,12,4.7,23.2,4.7,23.2,0.0176,1,13.121772,4.7,23.2
"4242335","Jonathan Taylor","RB","IND",1,10000,13.0794,12,0,25.8,0,25.8,0.2279,0.7721,16.9400336743945,7,27.4
"4612826","Ladd McConkey","WR","LAC",1,10000,13.033226,12.2,4.9,22.2,4.9,22.2,0.0216,1,13.033226,4.9,22.2
"4361370","Chris Olave","WR","NO",1,10000,13.01952,11.1,4.8,21.3,4.8,21.3,0.0362,1,13.01952,4.8,21.3
"4047646","AJ Brown","WR","NE",1,10000,12.904016,11.9,4,22.6,4,22.6,0.0702,0.9511,13.5674650404794,4.9,23.1
"4685278","Luther Burden","WR","CHI",1,10000,12.817946,11.2,4.8,22.5,4.8,22.5,0.0137,1,12.817946,4.8,22.5
"4567750","Emeka Egbuka","WR","TB",1,10000,12.743676,11.7,4.7,22.2,4.7,22.2,0.0261,0.9961,12.7935709266138,4.7,22.2
"4259545","D'Andre Swift","RB","CHI",1,10000,12.59958,10.8,4.4,21,4.4,21,0,1,12.59958,4.4,21
"4428331","Rashee Rice","WR","KC",1,10000,12.556966,11.7,3.58499999999999,22.5,3.58499999999999,22.5,0.0876,0.9349,13.4313466680928,4.9,23
"4596448","Bucky Irving","RB","TB",1,10000,12.394304,10.5,4.3,21.1,4.3,21.1,3e-04,0.9998,12.3967833566713,4.3,21.1
"4239993","Tee Higgins","WR","CIN",1,10000,12.368518,11.1,4.3,21.6,4.3,21.6,0.0307,0.9944,12.4381717618665,4.4,21.6
"3122840","Deshaun Watson","QB","CLE",1,10000,12.340261,11.86,0.713999999999996,23.4,0.713999999999996,23.4,0.0121,1,12.340261,0.713999999999996,23.4
"4688380","Cameron Ward","QB","TEN",1,10000,12.279276,11.98,0,23.68,0,23.68,0.1132,0.903,13.5983122923588,0.693999999999996,24.24
"4685472","Tetairoa McMillan","WR","CAR",1,10000,12.263852,10.8,4.2,21.2,4.2,21.2,0.0355,0.9921,12.3615079125088,4.3,21.3
"4035538","David Montgomery","RB","HOU",1,10000,12.23233,10.1,4.4,21,4.4,21,0,1,12.23233,4.4,21
"4595348","Malik Nabers","WR","NYG",1,10000,12.188322,11.9,4.3,20.9,4.3,20.9,0.0417,1,12.188322,4.3,20.9
"4426354","George Pickens","WR","DAL",1,10000,12.181354,10.8,3,22.3,3,22.3,0.1086,0.9094,13.3949351220585,4.8,23.1
"4696981","Cam Skattebo","RB","NYG",1,10000,12.062812,10.4,3.8,20.8,3.8,20.8,0.0297,0.9715,12.4166875965003,4.2,21
"4429615","Zay Flowers","WR","BAL",1,10000,12.054628,10.9,3.5,21.6,3.5,21.6,0.0664,0.9548,12.6252911604525,4.4,22
"4569618","Garrett Wilson","WR","NYJ",1,10000,12.053108,11.9,4.48499999999999,20.3,4.48499999999999,20.3,0.0354,1,12.053108,4.48499999999999,20.3
"16800","Davante Adams","WR","LA",1,10000,12.021416,10.5,3.8,20.8,3.8,20.8,0.0386,0.9886,12.1600404612583,4.1,21.1
"4038815","Rico Dowdle","RB","PIT",1,10000,12.00727,9.7,4.7,21.2,4.7,21.2,0,1,12.00727,4.7,21.2
"4047365","Josh Jacobs","RB","GB",1,10000,11.89203,10.1,2.8,21.2,2.8,21.2,0.076,0.9252,12.8534695201038,4.3,21.9
"4882093","Bhayshul Tuten","RB","JAX",1,10000,11.842732,9.95,4.1,20.6,4.1,20.6,1e-04,1,11.842732,4.1,20.6
"4432762","Shedeur Sanders","QB","CLE",1,10000,11.835174,11.46,0.36,22.63,0.36,22.63,0.0269,0.9915,11.9366354009077,0.48,22.64
"3121422","Terry McLaurin","WR","WAS",1,10000,11.826578,10.4,4.1,19.6,4.1,19.6,0.0283,1,11.826578,4.1,19.6
"4431459","Tyler Warren","TE","IND",1,10000,11.734337,9.85,4.45,20.05,4.45,20.05,0.0091,0.9983,11.7543193428829,4.45,20.05
"3915416","DJ Moore","WR","BUF",1,10000,11.712692,10.4,4.4,18.7,4.4,18.7,0.0228,1,11.712692,4.4,18.7
"4426388","Jameson Williams","WR","DET",1,10000,11.67256,10.2,3.7,19.715,3.7,19.715,0.0374,0.9904,11.7857027463651,3.8,20.1
"4242512","Malik Willis","QB","MIA",1,10000,11.508697,10.94,0,23.6,0,23.6,0.2053,0.8058,14.2823243981137,1.26,25.085
"4432710","TreVeyon Henderson","RB","NE",1,10000,11.37584,9.3,3.9,19.7,3.9,19.7,0,1,11.37584,3.9,19.7
"16737","Mike Evans","WR","SF",1,10000,11.339492,9.8,4.3,18.6,4.3,18.6,0.0289,1,11.339492,4.3,18.6
"8439","Aaron Rodgers","QB","PIT",1,10000,11.303818,10.42,0,23.16,0,23.16,0.1558,0.8641,13.0816086101146,0.58,24.03
"4569987","Jaylen Warren","RB","PIT",1,10000,11.2693,9.4,3.8,19.415,3.8,19.415,4e-04,1,11.2693,3.8,19.415
"4432620","Parker Washington","WR","JAX",1,10000,11.257834,9.8,4.7,18,4.7,18,0.0177,1,11.257834,4.7,18
"3116165","Chris Godwin","WR","TB",1,10000,11.243878,8.6,2.3,21.1,2.3,21.1,0.0228,1,11.243878,2.3,21.1
"4426502","Drake London","WR","ATL",1,10000,11.19496,10.1,0,21.9,0,21.9,0.2108,0.8048,13.9102385685885,5.1,23.395
"3043078","Derrick Henry","RB","BAL",1,10000,10.93978,9.2,0,21.2,0,21.2,0.2001,0.8008,13.6610639360639,4.6,23.7
"4569173","Rhamondre Stevenson","RB","NE",1,10000,10.84833,8.9,3.8,19.2,3.8,19.2,0,1,10.84833,3.8,19.2
"4685702","Quinshon Judkins","RB","CLE",1,10000,10.8394,8.8,3.4,19.1,3.4,19.1,0.0036,0.998,10.861122244489,3.4,19.1
"4248528","Christian Watson","WR","GB",1,10000,10.820068,9.1,3.3,18.5,3.3,18.5,0.0374,0.9999,10.8211501150115,3.3,18.5
"4047650","DK Metcalf","WR","PIT",1,10000,10.74916,9.1,3.5,18.2,3.5,18.2,0.04,1,10.74916,3.5,18.2
"4572680","Tucker Kraft","TE","GB",1,10000,10.453379,9,3.5,16.35,3.5,16.35,0.011,1,10.453379,3.5,16.35
"4432708","Marvin Harrison","WR","ARI",1,10000,10.429986,8.6,3.1,18,3.1,18,0.0417,1,10.429986,3.1,18
"4568490","RJ Harvey","RB","DEN",1,10000,10.422378,8.5,3,18.6,3,18.6,0.0048,0.9983,10.4401262145648,3.1,18.6
"4362249","Jayden Reed","WR","GB",1,10000,10.4089,7.5,3.1,19.2,3.1,19.2,0.0443,1,10.4089,3.1,19.2
"4432773","Brian Thomas","WR","JAX",1,10000,10.282592,8.4,2.98499999999999,17.6,2.98499999999999,17.6,0.0463,1,10.282592,2.98499999999999,17.6
"4430027","Sam LaPorta","TE","DET",1,10000,10.129695,8.85,3.15,16.25,3.15,16.25,0.0182,0.9984,10.1459284855769,3.15,16.25
"4837248","Fernando Mendoza","QB","LV",1,10000,10.089144,8.34,0,22.12,0,22.12,0.2049,0.8158,12.3671782299583,0.26,23.5
"3916148","Tony Pollard","RB","TEN",1,10000,10.069216,8.2,2.9,17.7,2.9,17.7,0.0022,1,10.069216,2.9,17.7
"4688813","Josh Downs","WR","IND",1,10000,10.060584,8.2,2.5,17.9,2.5,17.9,0.0349,1,10.060584,2.5,17.9
"4685512","Jadarian Price","RB","SEA",1,10000,10.02289,8.6,3.7,16.1,3.7,16.1,0,1,10.02289,3.7,16.1
"4429205","Jordan Addison","WR","MIN",1,10000,9.962276,7.9,2.1,18.2,2.1,18.2,0.0369,1,9.962276,2.1,18.2
"4262921","Justin Jefferson","WR","MIN",1,10000,9.837156,7.8,0,20.8,0,20.8,0.3152,0.6953,14.1480742125701,5.5,23.6
"4431299","Rome Odunze","WR","CHI",1,10000,9.808628,8,2,17.9,2,17.9,0.0753,0.9586,10.2322428541623,2.6,18.2
"4035687","Michael Pittman","WR","PIT",1,10000,9.610308,7.7,2,18.2,2,18.2,0.0282,1,9.610308,2,18.2
"4678008","Jonathon Brooks","RB","CAR",1,10000,9.602414,7.7,1.9,17.5,1.9,17.5,0.0293,0.9752,9.84660992616899,2.3,17.6
"5083076","Harold Fannin","TE","CLE",1,10000,9.593496,8.4,2.9,14.85,2.9,14.85,0.0218,0.9998,9.5954150830166,2.9,14.85
"3128429","Courtland Sutton","WR","DEN",1,10000,9.508844,7.7,2.1,17.4,2.1,17.4,0.0501,0.9909,9.59616913916642,2.2,17.4
"4371733","Kenneth Gainwell","RB","TB",1,10000,9.492014,7.6,2.1,17,2.1,17,0.0184,0.9875,9.61216607594937,2.3,17.1
"4429096","Blake Corum","RB","LA",1,10000,9.39223,7.5,2.2,16.7,2.2,16.7,0.005,0.9999,9.39316931693169,2.2,16.7
"4569587","Wan'Dale Robinson","WR","TEN",1,10000,9.35853,8.2,2.4,16.6,2.4,16.6,0.0127,1,9.35853,2.4,16.6
"4429025","Quentin Johnston","WR","LAC",1,10000,9.343786,7.5,2.1,17.1,2.1,17.1,0.0458,1,9.343786,2.1,17.1
"4360248","Kyle Pitts","TE","ATL",1,10000,9.139996,8.25,2.5,14.45,2.5,14.45,0.0291,1,9.139996,2.5,14.45
"15847","Travis Kelce","TE","KC",1,10000,9.12934,8.4,2.25,14.85,2.25,14.85,0.0421,1,9.12934,2.25,14.85
"4360761","Michael Wilson","WR","ARI",1,10000,9.108468,7.5,2,16.8,2,16.8,0.0409,1,9.108468,2,16.8
"4701936","Matthew Golden","WR","GB",1,10000,9.09405,7.8,2.3,16.6,2.3,16.6,0.0308,1,9.09405,2.3,16.6
"4385690","Dalton Kincaid","TE","BUF",1,10000,9.08133,8.15,2,15.6575,2,15.6575,0.0598,0.9731,9.33237077381564,2.4,15.85
"2976212","Stefon Diggs","WR","WAS",1,10000,9.075022,7.6,1.9,17.1,1.9,17.1,0.0316,1,9.075022,1.9,17.1
"4241416","Chuba Hubbard","RB","CAR",1,10000,9.053064,7.1,2.2,15.715,2.2,15.715,0.0051,1,9.053064,2.2,15.715
"4871023","Carnell Tate","WR","TEN",1,10000,9.050468,7.5,2.6,16.44,2.6,16.44,0.0567,1,9.050468,2.6,16.44
"4242355","Jake Ferguson","TE","DAL",1,10000,8.86011,7.8,2.15,15.65,2.15,15.65,0.0407,1,8.86011,2.15,15.65
"4683062","Xavier Worthy","WR","KC",1,10000,8.78777,7.1,2,16.2,2,16.2,0.04,1,8.78777,2,16.2
"3040151","George Kittle","TE","SF",1,10000,8.75209,8.25,1.75,13.865,1.75,13.865,0.0458,1,8.75209,1.75,13.865
"4360078","Alec Pierce","WR","IND",1,10000,8.750706,6.8,1.3,16.7,1.3,16.7,0.0958,0.9533,9.17938319521662,1.9,17.1
"4870795","Makai Lemon","WR","PHI",1,10000,8.676884,7,1.9,16.6,1.9,16.6,0.0451,1,8.676884,1.9,16.6
"4241985","JK Dobbins","RB","DEN",1,10000,8.583908,6.7,1.9,15.1,1.9,15.1,0.0063,0.9998,8.58562512502501,1.9,15.1
"3916433","Jakobi Meyers","WR","JAX",1,10000,8.564314,6.8,1.9,16.2,1.9,16.2,0.0416,1,8.564314,1.9,16.2
"4361050","Isaiah Likely","TE","NYG",1,10000,8.42276,7.25,2.05,15.65,2.05,15.65,0.037,1,8.42276,2.05,15.65
"3121023","Dallas Goedert","TE","PHI",1,10000,8.360142,6.95,1.45,15.2,1.45,15.2,0.0962,0.9409,8.88526092039537,2.15,15.5
"4362619","Chris Rodriguez","RB","JAX",1,10000,8.338264,6.5,1.7,15.4,1.7,15.4,0.0118,0.9978,8.35664862697936,1.7,15.4
"3126486","Deebo Samuel","WR","SF",1,10000,8.336976,6.7,1.7,15.7,1.7,15.7,0.0506,0.9998,8.33864372874575,1.7,15.7
"4880281","Jordyn Tyson","WR","NO",1,10000,8.334514,6.5,1.6,16,1.6,16,0.0682,0.9913,8.40766064763442,1.7,16
"4869645","Caleb Douglas","WR","MIA",1,10000,8.32726,7.7,1.5,14.9,1.5,14.9,0.0547,1,8.32726,1.5,14.9
"3116365","Mark Andrews","TE","BAL",1,10000,8.319222,6.95,1.85,14.715,1.85,14.715,0.0602,0.983,8.46309460834181,1.95,14.8
"4361432","Romeo Doubs","WR","NE",1,10000,8.30273,6.7,1.9,15.6,1.9,15.6,0.0374,1,8.30273,1.9,15.6
"4832800","Denzel Boston","WR","CLE",1,10000,8.263196,6.7,2,15.3,2,15.3,0.0365,1,8.263196,2,15.3
"3929645","Juwan Johnson","TE","NO",1,10000,8.217115,7.05,2.05,15.65,2.05,15.65,0.0276,1,8.217115,2.05,15.65
"4032473","Rashid Shaheed","WR","SEA",1,10000,8.106742,6.5,1.8,15.4,1.8,15.4,0.0457,1,8.106742,1.8,15.4
"4723086","Colston Loveland","TE","CHI",1,10000,8.014243,5.7,0,16.95,0,16.95,0.3088,0.7046,11.3741739994323,3.65,20.25
"4430834","Jalen McMillan","WR","TB",1,10000,7.96293,6.4,1.7,14.8,1.7,14.8,0.0482,1,7.96293,1.7,14.8
"4697815","Rachaad White","RB","WAS",1,10000,7.916498,6.3,1.9,13.9,1.9,13.9,0.0084,1,7.916498,1.9,13.9
"4428718","Tre Tucker","WR","LV",1,10000,7.892816,6.3,1.5,14.9,1.5,14.9,0.0601,1,7.892816,1.5,14.9
"4870653","KC Concepcion","WR","CLE",1,10000,7.890794,6.3,1.6,13.9,1.6,13.9,0.0432,1,7.890794,1.6,13.9
"4382466","Jalen Nailor","WR","LV",1,10000,7.878962,6.3,1.8,14.5,1.8,14.5,0.044,1,7.878962,1.8,14.5
"4695883","Jalen Coker","WR","CAR",1,10000,7.878198,6.5,1.7,15.2,1.7,15.2,0.0364,1,7.878198,1.7,15.2
"4686612","Tre' Harris","WR","LAC",1,10000,7.868426,6,1.1,15.2,1.1,15.2,0.0951,0.9715,8.09925476067936,1.4,15.4
"4710714","De'Zhaun Stribling","WR","SF",1,10000,7.800226,6.3,1.6,13.9,1.6,13.9,0.0438,1,7.800226,1.6,13.9
"4600981","Pat Bryant","WR","DEN",1,10000,7.799204,6,1.2,14.9,1.2,14.9,0.0793,0.9857,7.91235061377701,1.4,15
"15818","Keenan Allen","WR","IND",1,10000,7.787516,5.9,0.9,15.3,0.9,15.3,0.1218,0.9353,8.32622260237357,1.5,15.9
"4430539","Brenton Strange","TE","JAX",1,10000,7.763551,6.45,1.65,13.9,1.65,13.9,0.0685,0.9818,7.90746689753514,1.85,14
"3925357","Calvin Ridley","WR","TEN",1,10000,7.762874,5.9,1.2,15.015,1.2,15.015,0.0757,0.9919,7.82626676076217,1.3,15.1
"3042519","Aaron Jones","RB","MIN",1,10000,7.758134,6.3,1.7,13.9,1.7,13.9,0.0097,1,7.758134,1.7,13.9
"4586312","Jaylin Noel","WR","HOU",1,10000,7.73534,6.6,1.3,14.1,1.3,14.1,0.0368,1,7.73534,1.3,14.1
"4373678","Khalil Shakir","WR","BUF",1,10000,7.695748,6.2,1.6,13.6,1.6,13.6,0.0412,1,7.695748,1.6,13.6
"5083754","Ryan Flournoy","WR","DAL",1,10000,7.673118,6.1,1.4,14.5,1.4,14.5,0.0635,1,7.673118,1.4,14.5
"4723820","Omar Cooper","WR","NYJ",1,10000,7.612718,5.8,1.3,14.8,1.3,14.8,0.071,0.9938,7.66021131012276,1.3,14.8
"3886598","Jauan Jennings","WR","MIN",1,10000,7.578836,5.8,1.3,14.6,1.3,14.6,0.0716,0.9954,7.61385975487241,1.4,14.7
"4597500","Adonai Mitchell","WR","NYJ",1,10000,7.547036,6,1.4,14.1,1.4,14.1,0.0612,1,7.547036,1.4,14.1
"3117256","Dalton Schultz","TE","HOU",1,10000,7.48991,6.35,1.65,13.65,1.65,13.65,0.0512,1,7.48991,1.65,13.65
"4569559","Devaughn Vele","WR","NO",1,10000,7.489908,5.9,1.3,14.1,1.3,14.1,0.0676,1,7.489908,1.3,14.1
"4596334","Keaton Mitchell","RB","LAC",1,10000,7.426942,6.1,1.6,13.3,1.6,13.3,0.0072,1,7.426942,1.6,13.3
"4241463","Jerry Jeudy","WR","CLE",1,10000,7.40782,5.5,1,14.8,1,14.8,0.1051,0.9658,7.6701387450818,1.2,15
"4360569","Jordan Mason","RB","MIN",1,10000,7.399534,5.9,1.8,13,1.8,13,0.0073,1,7.399534,1.8,13
"3046439","Hunter Henry","TE","NE",1,10000,7.32073,6.2,1.73499999999999,13.25,1.73499999999999,13.25,0.0549,0.9993,7.32585810067047,1.75,13.25
"4608686","Kyle Monangai","RB","CHI",1,10000,7.15989,5.7,1.6,12.9,1.6,12.9,0.0128,1,7.15989,1.6,12.9
"4360635","Chig Okonkwo","TE","WAS",1,10000,7.159836,5.85,1.55,13,1.55,13,0.0716,0.9891,7.23873824689111,1.65,13.1
"4702555","Jonah Coleman","RB","DEN",1,10000,7.146928,5.3,1.2,13.5,1.2,13.5,0.0121,0.9982,7.15981566820277,1.3,13.5
"4575131","Jacory Croskey-Merritt","RB","WAS",1,10000,7.1203,5.5,1.4,13,1.4,13,0,1,7.1203,1.4,13
"4429013","Tank Bigsby","RB","PHI",1,10000,7.119272,5.6,1.4,12.9,1.4,12.9,0.0114,1,7.119272,1.4,12.9
"4832955","Emmett Johnson","RB","KC",1,10000,7.104312,4.9,0.7,14.1,0.7,14.1,0.062,0.9499,7.4790104221497,1.2,14.2
"4038441","Justice Hill","RB","BAL",1,10000,7.097906,4.8,0.8,14.1,0.8,14.1,0.0534,0.958,7.40908768267223,1.1,14.3
"4685261","Germie Bernard","WR","PIT",1,10000,7.097154,5.2,1,14.2,1,14.2,0.1103,0.9622,7.37596549573893,1.1,14.4849999999999
"4429501","Ray Davis","RB","BUF",1,10000,7.094414,4.9,0.8,14.015,0.8,14.015,0.0479,0.9655,7.34791714137752,1.1,14.2
"4685415","Travis Hunter","WR","JAX",1,10000,7.065566,5.1,0.7,14.1,0.7,14.1,0.1313,0.9456,7.47204526226734,1.1,14.6
"5081397","Dylan Sampson","RB","CLE",1,10000,7.029424,4.6,0.2,14.4,0.2,14.4,0.1252,0.8879,7.9169095618876,1.2,15.2
"4685279","Jaydon Blue","RB","DAL",1,10000,6.965929,4.4,0.1,14.4,0.1,14.4,0.1349,0.8776,7.93747607110301,1.2,15.4
"3116389","Samaje Perine","RB","CIN",1,10000,6.952084,4.8,0.9,13.6,0.9,13.6,0.0258,0.9871,7.04293789889576,1,13.7
"4430871","Sean Tucker","RB","TB",1,10000,6.93635,4.8,0.9,13.6,0.9,13.6,0.0336,0.9801,7.07718600142843,1.1,13.7
"4570037","Terrance Ferguson","TE","LA",1,10000,6.923451,5.45,1.55,12.6,1.55,12.6,0.063,0.997,6.94428385155466,1.55,12.6
"4569603","Malik Washington","WR","MIA",1,10000,6.894396,4.95,0.8,13.8,0.8,13.8,0.1194,0.9617,7.16896745346782,1.1,14.1
"4682648","Malachi Fields","WR","NYG",1,10000,6.825392,5.2,1.1,12.6,1.1,12.6,0.0896,1,6.825392,1.1,12.6
"4429023","MarShawn Lloyd","RB","GB",1,10000,6.80563,5.4,1.4,12.6,1.4,12.6,0.0088,1,6.80563,1.4,12.6
"4912218","Cyrus Allen","WR","KC",1,10000,6.802714,5.2,1,12.9,1,12.9,0.0966,1,6.802714,1,12.9
"4361411","Pat Freiermuth","TE","PIT",1,10000,6.776058,5.45,1.55,12.1,1.55,12.1,0.0666,0.9997,6.77809142742823,1.55,12.1
"4366031","Tank Dell","WR","HOU",1,10000,6.7712,4.8,0.6,13.5,0.6,13.5,0.1302,0.9455,7.16150185087255,1.1,13.9
"4870612","Zachariah Branch","WR","ATL",1,10000,6.75205,5.4,0.9,12.2,0.9,12.2,0.114,1,6.75205,0.9,12.2
"4426385","Zach Charbonnet","RB","SEA",1,10000,6.727156,4.7,1.1,13.1,1.1,13.1,0.0142,0.9978,6.74198837442373,1.1,13.1
"4870847","Ja'Kobi Lane","WR","BAL",1,10000,6.71693,4.7,0,13.6,0,13.6,0.1485,0.9277,7.24041177104667,1.1,14.3
"4241474","Brian Robinson","RB","ATL",1,10000,6.710106,5,1.2,12.9,1.2,12.9,0.0128,1,6.710106,1.2,12.9
"4685247","Braelon Allen","RB","NYJ",1,10000,6.666934,4.6,1,13.2,1,13.2,0.0181,0.9955,6.69707081868408,1.1,13.2
"4686422","Xavier Hutchinson","WR","HOU",1,10000,6.659872,5,1.1,12.8,1.1,12.8,0.0842,1,6.659872,1.1,12.8
"3054850","Alvin Kamara","RB","NO",1,10000,6.625922,5,1.3,12.6,1.3,12.6,0.0095,1,6.625922,1.3,12.6
"4361307","Trey McBride","TE","ARI",1,10000,6.612722,3.8,0,15.2,0,15.2,0.4069,0.608,10.8761875,3.2,19.35
"4361529","Isiah Pacheco","RB","DET",1,10000,6.60638,4.4,0.9,13.2,0.9,13.2,0.0204,0.9936,6.64893317230274,1,13.3
"4362921","Tyquan Thornton","WR","KC",1,10000,6.586568,4.9,1.1,12.6,1.1,12.6,0.087,0.9998,6.58788557711542,1.1,12.6
"4373626","Tyler Allgeier","RB","ARI",1,10000,6.576456,5.4,1.1,12.6,1.1,12.6,0.0063,1,6.576456,1.1,12.6
"4869961","Chris Bell","WR","MIA",1,10000,6.53136,4.8,1.1,12.8,1.1,12.8,0.0887,1,6.53136,1.1,12.8
"2977187","Cooper Kupp","WR","SEA",1,10000,6.520228,4.55,0.2,13.2,0.2,13.2,0.1421,0.9436,6.90994913098771,1.1,13.5
"4429022","Kayshon Boutte","WR","NE",1,10000,6.519016,4.5,0.4,13.2,0.4,13.2,0.1358,0.9468,6.8853147444022,1.1,13.5
"4428850","Dontayvion Wicks","WR","PHI",1,10000,6.509754,4.6,0,13.2,0,13.2,0.1584,0.9214,7.06506837421315,1.1,13.7
"4361409","Jahan Dotson","WR","ATL",1,10000,6.492244,4.9,1.1,12.5,1.1,12.5,0.0849,0.9999,6.49289328932893,1.1,12.5
"4360939","Rashod Bateman","WR","BAL",1,10000,6.490136,4.4,0,13.2,0,13.2,0.1504,0.9264,7.00575993091537,1.1,13.7
"2973405","Kalif Raymond","WR","CHI",1,10000,6.475398,4.7,1.1,12.6,1.1,12.6,0.0893,0.9995,6.47863731865933,1.1,12.6
"4432665","Brock Bowers","TE","LV",1,10000,6.446773,3.175,0,14.85,0,14.85,0.431,0.5806,11.1036393386152,3.55,19.95
"4685397","Jordan James","RB","SF",1,10000,6.440732,4.5,0.96,12.8,0.96,12.8,0.0172,0.9969,6.46076035710703,1,12.8
"4686472","Marvin Mims","WR","DEN",1,10000,6.387826,4.7,1,12.4,1,12.4,0.0875,0.9992,6.39294035228183,1.1,12.4
"4686728","Gunnar Helm","TE","TEN",1,10000,6.331398,4.55,1.45,11.85,1.45,11.85,0.0638,0.9998,6.33266453290658,1.45,11.85
"4686658","Mike Washington","RB","LV",1,10000,6.260402,4.3,0.9,12.7,0.9,12.7,0.0158,0.9994,6.26416049629778,0.9,12.7
"4685246","Kaytron Allen","RB","WAS",1,10000,6.244796,3.9,0.6,12.8,0.6,12.8,0.0567,0.9677,6.45323550687196,0.8,12.9
"4360516","Tyrone Tracy","RB","NYG",1,10000,6.214566,4.2,0.9,12.6,0.9,12.6,0.0148,0.9998,6.21580916183237,0.9,12.6
"3915411","Ty Johnson","RB","BUF",1,10000,6.193656,4.3,0.9,12.415,0.9,12.415,0.0167,0.9991,6.1992353117806,0.9,12.5
"4242557","Colby Parkinson","TE","LA",1,10000,6.188073,4.4,1.15,11.95,1.15,11.95,0.1069,0.9597,6.4479243513598,1.35,12.05
"4367209","Greg Dulcich","TE","MIA",1,10000,6.070972,4.3,1.15,11.85,1.15,11.85,0.112,0.9622,6.30946996466431,1.35,11.95
"4429059","Woody Marks","RB","HOU",1,10000,6.025198,5,1.1,11.115,1.1,11.115,0.0128,1,6.025198,1.1,11.115
"5123663","Isaac TeSlaa","WR","DET",1,10000,5.987182,3.9,0,12.3,0,12.3,0.1884,0.9005,6.6487307051638,0.9,13.1
"4696044","Kaelon Black","RB","SF",1,10000,5.974284,4.1,0.9,12.2,0.9,12.2,0.0158,0.9998,5.97547909581916,0.9,12.2
"5081432","Antonio Williams","WR","WAS",1,10000,5.940808,3.9,0,12.3,0,12.3,0.1872,0.901,6.59357158712542,1,13.1
"2576925","Darren Waller","TE","CAR",1,10000,5.865041,3.95,0.85,11.8,0.85,11.8,0.1381,0.9344,6.27679901541096,1.35,12.05
"4685350","Trevor Etienne","RB","CAR",1,10000,5.862286,3.7,0.8,12,0.8,12,0.0234,0.9979,5.87462270768614,0.8,12
"4686468","Seth McGowan","RB","IND",1,10000,5.783582,3.8,0.8,11.8,0.8,11.8,0.0172,1,5.783582,0.8,11.8
"4428557","Tyjae Spears","RB","TEN",1,10000,5.769354,5.4,1.5,9.8,1.5,9.8,0.0174,1,5.769354,1.5,9.8
"4596602","Brashard Smith","RB","KC",1,10000,5.738436,3.5,0.7,12,0.7,12,0.0263,0.9967,5.757435537273,0.7,12
"4430968","Kimani Vidal","RB","LAC",1,10000,5.714838,3.7,0.8,11.9,0.8,11.9,0.0166,1,5.714838,0.8,11.9
"3051876","Evan Engram","TE","DEN",1,10000,5.634724,3.8,0.55,11.4,0.55,11.4,0.1472,0.9312,6.0510352233677,1.25,11.7
"4241457","Najee Harris","RB","NYG",1,10000,5.578092,3.4,0.8,11.815,0.8,11.815,0.0183,0.9999,5.5786498649865,0.8,11.8299999999999
"4874509","DJ Giddens","RB","IND",1,10000,5.51316,3.5,0.8,11.5,0.8,11.5,0.0162,1,5.51316,0.8,11.5
"4429835","George Holani","RB","SEA",1,10000,5.500236,3.4,0.8,11.6,0.8,11.6,0.0179,1,5.500236,0.8,11.6
"3045147","James Conner","RB","ARI",1,10000,5.430474,3.4,0.7,11.315,0.7,11.315,0.0157,1,5.430474,0.7,11.315
"4429086","Michael Mayer","TE","LV",1,10000,5.399291,3.25,0,11.35,0,11.35,0.1838,0.8965,6.02263357501394,1.15,11.8
"4832846","Demond Claiborne","RB","MIN",1,10000,5.367886,3.4,0.7,11,0.7,11,0.0168,1,5.367886,0.7,11
"4682745","Jaylen Wright","RB","MIA",1,10000,5.295352,3.3,0.7,10.9,0.7,10.9,0.0192,1,5.295352,0.7,10.9
"4887558","Emanuel Wilson","RB","SEA",1,10000,5.278684,3.3,0.7,11,0.7,11,0.0167,1,5.278684,0.7,11
"3149687","Chris Brooks","RB","GB",1,10000,5.265268,3.3,0.7,10.8,0.7,10.8,0.0189,1,5.265268,0.7,10.8
"3930086","Dawson Knox","TE","BUF",1,10000,5.236604,3.15,0,11.05,0,11.05,0.1982,0.8824,5.93450135992747,1.15,11.5
"4243331","Cade Otton","TE","TB",1,10000,5.174769,2.9,0,11.45,0,11.45,0.2762,0.7835,6.60468283343969,1.35,12.6
"4685555","Nicholas Singleton","RB","TEN",1,10000,4.96636,3,0.6,10,0.6,10,0.0238,1,4.96636,0.6,10
"4695404","Isaiah Davis","RB","NYJ",1,10000,4.56239,3,0.6,8.7,0.6,8.7,0.0303,1,4.56239,0.6,8.7
"4036133","TJ Hockenson","TE","MIN",1,10000,4.214746,1.75,0,9.8,0,9.8,0.3807,0.6805,6.19360176340926,1.15,12.1
"5083315","Kenyon Sadiq","TE","NYJ",1,10000,3.639507,1.35,0,8.9,0,8.9,0.4253,0.6525,5.57778850574713,0.95,11.4
"4576297","AJ Barner","TE","SEA",1,10000,3.524203,1.35,0,8.3,0,8.3,0.4335,0.6437,5.47491533322977,0.95,11.1
"4595342","Oronde Gadsden","TE","LAC",1,10000,3.378276,1.15,0,8.00749999999998,0,8.00749999999998,0.4528,0.6253,5.40264832880217,0.95,11.05
